Column1,Column2,Column3
0.3745401188473625,21,a
0.9507143064099162,52,b
0.7319939418114051,1,b
0.5986584841970366,87,a
0.15601864044243652,29,a
0.15599452033620265,37,a
0.05808361216819946,1,c
0.8661761457749352,63,c
0.6011150117432088,59,c
0.7080725777960455,20,b
